feature,mean_rel_err_%,max_rel_err_%,n_near_zero,mean_abs_err_nz
w000,5.8153318005532394e-11,3.2943458969595234e-10,0,
w100,1.0309831083413335e-10,4.878961794925446e-10,0,
w200,1.6068095195665748e-06,3.643267855478798e-06,0,
w300,8.324903630710945e-11,3.2595737955390645e-10,207,6.457293769095286e-14
w010_0,4.9162534899650416e-09,9.700173816060981e-07,0,
w010_1,1.1029454982207241e-08,2.31598716393336e-06,0,
w010_2,8.784434363117557e-09,1.198068791986454e-06,0,
w110_0,8.906115812663305e-11,4.969209526232714e-10,0,
w110_1,9.650835122270519e-11,4.946634538845303e-10,0,
w110_2,8.936504182481416e-11,4.707322815260522e-10,0,
w210_0,1.0519149754655854e-05,0.003517168223890809,0,
w210_1,1.2287574270416788e-05,0.0017419050771525614,0,
w210_2,0.0004891600219092783,0.7250100818963645,0,
w310_0,1.0938786969340069e-10,1.421193978283619e-09,0,
w310_1,1.4144672038881693e-10,3.8280431644530303e-08,0,
w310_2,9.760259761512013e-11,5.1870239711944466e-09,0,
w020_00,9.593484232677302e-11,4.888935734598348e-10,0,
w020_01,9.564118552339208e-11,4.757834391586864e-10,0,
w020_02,9.233551427886826e-11,4.5453712373229285e-10,0,
w020_11,9.943894619671054e-11,4.4798188535638623e-10,0,
w020_12,1.0478053442963987e-10,4.765456634004215e-10,0,
w020_22,9.072442615090484e-11,4.898287267662864e-10,0,
w120_00,9.574493267845963e-11,4.679562288329946e-10,0,
w120_01,1.0399488727107165e-10,4.606596736694937e-10,0,
w120_02,1.0661110501433516e-10,4.764017524776085e-10,0,
w120_11,8.855387356498166e-11,4.891224874535508e-10,0,
w120_12,8.171980459918936e-11,4.712484402643211e-10,0,
w120_22,9.597778126153544e-11,4.834684515029145e-10,0,
w220_00,1.1165826492456655e-06,3.21257872625241e-06,0,
w220_01,3.2076095129531892e-06,0.00045513393862461703,0,
w220_02,6.522944781507979e-06,0.0014063062230086326,0,
w220_11,9.833325880429925e-07,3.129532083614343e-06,0,
w220_12,1.253556424525912e-06,8.616568798349676e-05,0,
w220_22,1.0031921731453537e-06,2.684437115859374e-06,0,
w320_00,7.797157098383768e-11,4.946056071993149e-10,0,
w320_01,9.06866369440093e-11,1.5848810999351397e-09,0,
w320_02,1.0177447159084339e-10,4.662787674373665e-10,0,
w320_11,1.3159993729767307e-10,4.746922211440279e-10,0,
w320_12,8.177278531275308e-11,4.697908905787644e-10,0,
w320_22,1.3399283866019768e-10,4.810775683290262e-10,0,
w102_00,7.44818079923514e-11,2.813343372818321e-10,0,
w102_01,8.671404605774672e-11,5.501900564288077e-10,0,
w102_02,8.779633099489167e-11,5.001253577841135e-10,0,
w102_11,8.718573059073897e-11,3.418501428205002e-10,0,
w102_12,7.559422739299468e-11,4.929819560418671e-10,0,
w102_22,9.162629501464142e-11,4.4202522287302045e-10,0,
w202_00,1.5281930508797043e-06,4.1175714941883855e-06,0,
w202_01,6.390858741419817e-05,0.06364994817991619,0,
w202_02,5.6953187636454824e-05,0.05336415333411327,1,7.568638362445317e-08
w202_11,2.050205790742692e-06,4.952970146359151e-06,0,
w202_12,7.644756635050041e-06,0.00042611205008524024,0,
w202_22,1.2721041318783722e-06,3.794899436941408e-06,0,
w020_EVal1,9.394127580705521e-11,4.779404370007417e-10,0,
w020_EVal2,1.1549293709850625e-10,4.885708807972273e-10,0,
w020_EVal3,7.93012736876245e-11,4.780510784912252e-10,0,
w120_EVal1,1.1983035538231783e-10,4.770413361119123e-10,0,
w120_EVal2,7.81606543034352e-11,4.5325570703266844e-10,0,
w120_EVal3,1.234696677045683e-10,4.717661897497534e-10,0,
w220_EVal1,8.049790108172483e-07,1.8699037724774405e-06,0,
w220_EVal2,9.134044879462005e-07,2.9803608056453484e-06,0,
w220_EVal3,1.0405327567159767e-06,2.8615321256823405e-06,0,
w320_EVal1,9.49922415323797e-11,4.572020099290377e-10,0,
w320_EVal2,8.697604754940913e-11,4.737450238031057e-10,0,
w320_EVal3,1.2001238123407834e-10,4.461482669906963e-10,0,
w102_EVal1,1.2645685999373418e-10,4.34498128164819e-10,0,
w102_EVal2,9.245089317475592e-11,4.5678560892237517e-10,0,
w102_EVal3,5.7187841458250814e-11,3.18282425961712e-10,0,
w202_EVal1,1.2366377127769157e-06,3.153547754532251e-06,0,
w202_EVal2,1.3704724799564968e-06,5.2236246007839296e-06,0,
w202_EVal3,2.0781026548693126e-06,6.389295290186348e-06,0,
w103_000,1.1056527592673139e-10,1.2580305218608024e-09,0,
w103_001,1.044834503108475e-10,7.246812525013391e-10,1,2.643751878592501e-15
w103_002,1.1233532131806222e-10,4.71621202149356e-10,0,
w103_010,1.0448352962211128e-10,7.246812525013391e-10,1,1.3114842490403757e-15
w103_011,1.1560154221902082e-10,3.480846860740935e-09,0,
w103_012,9.100109818456334e-11,4.735532872613643e-10,0,
w103_020,1.123431228928461e-10,4.71621202149356e-10,0,
w103_021,9.100113122982711e-11,4.735532872613643e-10,0,
w103_022,1.093249792804898e-10,4.802312393901703e-10,0,
w103_100,1.0450678335811022e-10,7.60333983268758e-10,1,8.673950391922506e-16
w103_101,1.155830357825378e-10,3.480846860740935e-09,0,
w103_102,9.100134190891949e-11,4.735532872613643e-10,0,
w103_110,1.155435640588238e-10,3.409558572970598e-09,0,
w103_111,1.0446193253052244e-10,4.795356818014491e-10,0,
w103_112,8.485180679926831e-11,4.886272117297736e-10,1,3.119255982315019e-14
w103_120,9.100482701963847e-11,4.735532872613643e-10,0,
w103_121,8.485427421929819e-11,4.886272117297736e-10,1,3.096944819012515e-14
w103_122,8.632605227193712e-11,4.6023199339153403e-10,0,
w103_200,1.123397330715551e-10,4.71621202149356e-10,0,
w103_201,9.100564062239733e-11,4.735532872613643e-10,0,
w103_202,1.0932799911859362e-10,4.802312393901703e-10,0,
w103_210,9.100426707433105e-11,4.735532872613643e-10,0,
w103_211,8.485260295792764e-11,4.886272117297736e-10,1,3.139939124947522e-14
w103_212,8.63297372142034e-11,4.6023199339153403e-10,0,
w103_220,1.0932549725675865e-10,4.802312393901703e-10,0,
w103_221,8.633482566582973e-11,4.6023199339153403e-10,0,
w103_222,1.0275359742724576e-10,4.947142140643684e-10,0,
w104_EVal0,5.3145035505222e-11,4.4085192948404594e-10,0,
w104_EVal1,5.6078710904265173e-11,4.717382763380642e-10,0,
w104_EVal2,1.2338396891850394e-10,4.907785118292055e-10,0,
w104_EVal3,1.5143303272389355e-10,4.953397586696804e-10,0,
w104_EVal4,1.3477685430994044e-10,4.339505766439719e-10,0,
w104_EVal5,7.109819954498324e-11,3.789733015882954e-10,0,
msm_ql_0,5.34084561088617e-15,4.440892098500626e-14,0,
msm_ql_1,,,1584,9.549431645914425e-16
msm_ql_2,1.1396469057399216e-10,3.7407368233750305e-10,0,
msm_ql_3,6.842561876579138e-11,4.938659574521284e-10,0,
msm_ql_4,1.2754513742403601e-10,3.969571651662747e-10,0,
msm_ql_5,5.091666197422929e-11,4.781209863414506e-10,0,
msm_ql_6,1.556785486629778e-10,4.825680637333719e-10,0,
msm_ql_7,5.715803720979466e-11,2.3508759391687084e-10,0,
msm_ql_8,4.742023287629885e-11,1.0130275084624092e-10,0,
msm_wl_0,5.242018940133552e-14,7.771561172376096e-14,0,
msm_wl_1,,,1584,1.2265700160306327e-22
msm_wl_2,1.3323812329320304e-10,2.8646867859671665e-09,0,
msm_wl_3,,,1584,9.635301164918904e-08
msm_wl_4,1.3598269681160008e-10,4.82510654200066e-10,0,
msm_wl_5,,,1584,6.389087339791595e-08
msm_wl_6,7.814613477517903e-11,2.687479287267255e-09,0,
msm_wl_7,,,1584,8.424352717391977e-08
msm_wl_8,1.2756487280581443e-10,2.884191896605291e-10,0,
