mesh_id,shape,w000,w100,w200,w300,w010_0,w010_1,w010_2,w110_0,w110_1,w110_2,w210_0,w210_1,w210_2,w310_0,w310_1,w310_2,w020_00,w020_01,w020_02,w020_11,w020_12,w020_22,w020_EVal1,w020_EVal2,w020_EVal3,w120_00,w120_01,w120_02,w120_11,w120_12,w120_22,w120_EVal1,w120_EVal2,w120_EVal3,w220_00,w220_01,w220_02,w220_11,w220_12,w220_22,w220_EVal1,w220_EVal2,w220_EVal3,w320_00,w320_01,w320_02,w320_11,w320_12,w320_22,w320_EVal1,w320_EVal2,w320_EVal3,w102_00,w102_01,w102_02,w102_11,w102_12,w102_22,w102_EVal1,w102_EVal2,w102_EVal3,w202_00,w202_01,w202_02,w202_11,w202_12,w202_22,w202_EVal1,w202_EVal2,w202_EVal3,msm_ql_0,msm_ql_1,msm_ql_2,msm_ql_3,msm_ql_4,msm_ql_5,msm_ql_6,msm_ql_7,msm_ql_8,msm_ql_9,msm_ql_10,msm_ql_11,msm_wl_0,msm_wl_1,msm_wl_2,msm_wl_3,msm_wl_4,msm_wl_5,msm_wl_6,msm_wl_7,msm_wl_8,msm_wl_9,msm_wl_10,msm_wl_11
torus_R3.0_r1.0_n016,torus,56.235498012677425,38.60015325439018,19.612618364864893,-3.708144902248023e-14,2.0816681711721685e-15,1.2125717097077882e-15,-4.718447854656915e-16,-3.2751579226442118e-15,5.620504062164855e-15,-5.221517662690189e-16,1.942890293094024e-15,-3.58046925441613e-15,-1.0864882583026814e-09,-4.718447854656915e-16,4.163336342344337e-16,-4.345482307321902e-16,266.6704530634902,-1.278924882663901e-15,0.0,266.6704530634902,0.0,13.702151803342215,13.702151803342215,266.6704530634902,266.6704530634902,196.92282344418157,-1.6653345369377348e-16,0.0,196.92282344418163,0.0,18.72150919784736,18.72150919784736,196.92282344418157,196.92282344418163,109.86701434561999,-2.498001859173342e-16,0.0,109.86701434561998,0.0,9.89900967133645,9.89900967133645,109.86701434561998,109.86701434561999,19.580898944226384,-3.0357660829444043e-17,0.0,19.580898944226384,0.0,1.1979401151607227e-10,1.1979401151607227e-10,19.580898944226384,19.580898944226384,9.790449471969996,9.259086553026208e-17,0.0,9.790449471969996,0.0,19.01925431045019,9.790449471969996,9.790449471969996,19.01925431045019,4.9031545889598105,1.882656068341089e-17,-2.42861286636753e-17,4.9031545889598105,7.632783294297951e-17,9.806309186945272,4.90315458895981,4.9031545889598105,9.806309186945272,0.9999999999999999,1.8089432612114134e-17,0.23908725899761954,1.3202124651336918e-17,0.13617451017642274,3.9282562954267175e-17,0.09471481449836261,8.386132021956121e-17,0.07255946063855477,0.0,0.0,0.0,0.9999999999999997,0.0,-0.1483827531853913,0.0,0.06970044642376191,0.0,-0.0429211633721957,0.0,0.030077918209062575,0.0,0.0,0.0
torus_R3.0_r1.0_n048,torus,58.88017217330191,39.37988724843359,19.725118964434678,-1.1819364931220377e-13,1.3340023530261647e-15,3.446373774470407e-15,6.166941957097549e-16,1.1102230246251565e-15,1.7165088794790506e-15,-1.2197274440461925e-16,2.5673907444456745e-16,-7.196500340089784e-15,1.712645917109363e-08,-8.81239525796218e-16,1.5844530548703162e-15,-3.6422416731934915e-15,286.1594948448769,0.0,0.0,286.1594948448769,0.0,14.678065707308985,14.678065707308985,286.1594948448769,286.1594948448769,206.08653838085928,0.0,0.0,206.08653838085928,0.0,19.623303023396343,19.623303023396343,206.08653838085928,206.08653838085928,113.09075364394172,0.0,0.0,113.09075364394172,0.0,9.873098891974587,9.873098891974587,113.09075364394172,113.09075364394172,19.721595755895102,2.220446049250313e-16,0.0,19.721595755895102,0.0,-1.4454496627402946e-11,-1.4454496627402946e-11,19.721595755895102,19.721595755895102,9.860797878018346,0.0,0.0,9.860797878018346,0.0,19.658291492396902,9.860797878018346,9.860797878018346,19.658291492396902,4.931279738882734,-8.391724815037804e-17,7.806255641895632e-18,4.931279738882734,-7.806255641895632e-18,9.862559486669207,4.931279738882734,4.931279738882734,9.862559486669207,0.9999999999999999,1.5269206558608815e-17,0.24879435414757997,1.9929669318196757e-17,0.14012382521717823,1.4785862302162416e-17,0.09732710993198766,1.3809393756025965e-17,0.07452117857331864,0.0,0.0,0.0,0.9999999999999997,0.0,-0.1544071875689819,0.0,0.07172188950479158,0.0,-0.04410495663280542,0.0,0.030891104953724324,0.0,0.0,0.0
torus_R3.0_r1.0_n064,torus,59.02761860146697,39.42296503040053,19.73128253378064,-1.5659045241034342e-13,1.2501865861991313e-12,-3.023816685934701e-12,9.166278847061449e-15,4.851639923142415e-13,-1.191936306599306e-12,3.0407534129528457e-15,-1.072348727176875e-09,3.0428261352634725e-09,1.537592212377142e-08,1.0450841581022274e-14,-2.9242342054758286e-14,3.253907560063496e-15,287.2622880055526,-3.552713678800501e-15,5.551115123125783e-17,287.2622880055526,-2.531308496145357e-14,14.733218473779022,14.73321847377902,287.2622880055526,287.2622880055529,206.59984414560125,0.0,-6.938893903907228e-18,206.59984414560125,-9.742207041085749e-15,19.673923444011407,19.67392344401142,206.59984414560125,206.59984414560125,113.26981030011402,0.0,3.222496427319725e-09,113.26981030011402,-6.834336850514097e-09,9.871577094911313,9.871577094911316,113.26981030011402,113.26981030011402,19.729300752316952,0.0,-4.398554003665067e-15,19.729300752316952,1.1669755873439103e-14,-1.517097905634479e-11,-1.517364012215694e-11,19.729300752316952,19.729300752316952,9.864650376002565,-2.220446049250313e-16,-2.168404344971009e-19,9.864650376002565,-2.168404344971009e-19,19.693664278395403,9.864650376002562,9.864650376002565,19.693664278395406,4.9328206360281985,5.492839256354687e-17,3.310492037428671e-10,4.9328206360281985,-7.33150699912667e-10,9.865641261724244,4.9328206360281985,4.932820636028202,9.865641261724246,1.0,1.6177742368363275e-17,0.24932203589489815,4.2253525254131496e-14,0.14034288735640268,1.457752083157422e-13,0.09747103647114755,2.5145685128735634e-13,0.07462914569708225,0.0,0.0,0.0,0.9999999999999998,0.0,-0.1547346783386742,0.0,0.07183401569403733,0.0,-0.04417017868421938,0.0,0.030935860334886902,0.0,0.0,0.0
torus_R3.0_r1.0_n096,torus,59.133118184089255,39.45376272586894,19.73568582628866,1.0316747456329267e-13,-1.5463948481106438e-14,2.7265575525971773e-15,-4.088526392442837e-16,2.371540464007893e-14,2.6561869023722373e-15,1.4304692413230624e-16,-3.209238430557093e-17,2.7122238916571506e-14,3.0814567893323926e-08,1.3808398868775384e-15,3.80934433302782e-16,1.2663345849359131e-14,288.05239748862164,0.0,0.0,288.05239748862164,0.0,14.77272883391562,14.77272883391562,288.05239748862164,288.05239748862164,206.96727565315794,0.0,0.0,206.96727565315794,0.0,19.71016499868501,19.71016499868501,206.96727565315794,206.96727565315794,113.3978851945585,0.0,0.0,113.3978851945585,0.0,9.870483437766987,9.870483437766987,113.3978851945585,113.3978851945585,19.734804998392256,-2.220446049250313e-16,0.0,19.734804998392256,0.0,1.0937438454927673e-11,1.0937438454927673e-11,19.734804998392256,19.734804998392256,9.867402499232984,0.0,0.0,9.867402499232984,0.0,19.718957727402973,9.867402499232984,9.867402499232984,19.718957727402973,4.9339214465479735,2.6725583551767684e-17,-1.951563910473908e-18,4.9339214465479735,-3.0357660829594124e-18,9.867842933192708,4.9339214465479735,4.9339214465479735,9.867842933192708,1.0,1.7623326990256648e-17,0.2496987498155796,1.5965786297832656e-17,0.14049955263182226,1.1545087792986004e-17,0.09757390998219505,1.5759948814369884e-17,0.07470630932339775,0.0,0.0,0.0,0.9999999999999998,0.0,-0.15496847519154006,0.0,0.07191420426693323,0.0,-0.044216797059578365,0.0,0.030967846808058107,0.0,0.0,0.0
torus_R3.0_r1.0_n128,torus,59.17007865214741,39.464547405783925,19.737227203356753,-8.485660091261948e-14,3.0673175859061846e-13,-7.503606899959893e-13,5.757655636984271e-16,1.2470840332623467e-13,-2.9378512426611603e-13,6.662761163102326e-17,-1.1025936491951271e-09,2.48620860783034e-09,-2.595101681716447e-08,4.825350188863986e-15,-3.0966982450530978e-15,-4.982558318028258e-14,288.3294093423184,3.552713678800501e-15,4.163336342344337e-17,288.3294093423184,-1.5543122344752192e-15,14.786580250464727,14.786580250464727,288.32940934231823,288.3294093423184,207.09603137435664,0.0,1.0408340855860843e-17,207.09603137435664,-6.036837696399289e-16,19.722866128502385,19.722866128502375,207.09603137435664,207.09603137435664,113.4427464924533,0.0,1.062202969886049e-09,113.4427464924533,-2.3940792652786854e-09,9.870099328821915,9.870099328821908,113.4427464924533,113.4427464924533,19.736731618115495,-1.1102230246251565e-16,-2.127475712959681e-15,19.736731618115495,5.536993389829159e-15,-1.4059867853299934e-11,-1.4058976205433282e-11,19.736731618115492,19.736731618115495,9.868365809057256,0.0,4.336808689942018e-19,9.868365809057256,-8.673617379884035e-19,19.727815787669414,9.868365809057256,9.868365809057256,19.727815787669414,4.934306811239326,-3.2187251995663413e-19,8.677853022346889e-11,4.934306811239326,-1.9554473290579006e-10,9.868613580878101,4.934306811239324,4.934306811239326,9.868613580878097,0.9999999999999999,1.9331978950856826e-17,0.249830560001992,1.0526251554763937e-14,0.140554423256227,3.665113572303685e-14,0.09760992917411952,6.413977994625014e-14,0.07473332503635394,0.0,0.0,0.0,0.9999999999999996,0.0,-0.15505027946015623,0.0,0.07194228960398792,0.0,-0.04423311959190145,0.0,0.03097904557383592,0.0,0.0,0.0
holey_slab_W6.0_D4.0_H1.5_n002,holey_slab,30.0,29.33333333333333,15.184364492350664,-4.18879020478641,0.0,0.0,22.5,-4.440892098500626e-16,4.3021142204224816e-16,22.0,3.3306690738754696e-16,-4.3021142204224816e-16,11.388273369262992,8.326672684688674e-17,-3.747002708109903e-15,-3.141592653589806,94.0,0.0,0.0,46.0,0.0,22.5,22.5,46.0,94.0,110.44444444444443,2.220446049250313e-16,-2.220446049250313e-16,53.11111111111111,-4.440892098500626e-16,27.0,27.000000000000004,53.111111111111086,110.44444444444443,78.19075048934594,5.551115123125783e-17,0.0,37.350045992678645,5.551115123125783e-17,17.671458676442587,17.671458676442587,37.350045992678645,78.19075048934594,16.755160819145466,-4.6629367034256575e-15,-9.992007221626409e-16,8.37758040957273,-6.439293542825908e-15,-4.7123889803847145,-4.7123889803847145,8.377580409572735,16.755160819145466,8.0,0.0,0.0,8.0,0.0,13.333333333333332,8.0,8.0,13.333333333333332,3.403392041388942,6.938893903907228e-18,0.0,3.4033920413889422,0.0,8.377580409572783,3.403392041388942,3.4033920413889422,8.377580409572783,1.0,4.639195946746767e-17,0.18181818181818174,1.0264580072131438e-16,0.7727272727272727,1.7077156523157374e-16,0.39233355685527443,2.334344229202903e-16,0.7291346903653779,0.0,0.0,0.0,0.9999999999999997,0.0,-0.1128403182605915,0.0,0.4159155250936578,0.0,-0.09906743021616936,0.0,0.28506602853464774,0.0,0.0,0.0
holey_slab_W6.0_D4.0_H1.5_n004,holey_slab,30.0,29.333333333333332,15.184364492350666,-4.188790204786505,0.0,0.0,22.5,-3.3306690738754696e-16,1.3877787807814457e-17,22.0,7.494005416219807e-16,-3.608224830031759e-16,11.388273369263015,5.273559366969494e-16,-8.326672684688674e-15,-3.14159265358984,94.0,0.0,0.0,46.0,0.0,22.5,22.5,46.0,94.0,110.44444444444443,-2.220446049250313e-16,5.551115123125783e-17,53.111111111111114,0.0,27.0,26.999999999999996,53.11111111111114,110.44444444444443,78.19075048934596,5.551115123125783e-17,-4.440892098500626e-16,37.350045992678645,8.673617379884035e-17,17.671458676442583,17.67145867644259,37.35004599267866,78.19075048934596,16.755160819145033,-2.886579864025407e-15,-4.440892098500626e-16,8.377580409572492,-1.3322676295501878e-14,-4.712388980384805,-4.712388980384806,8.377580409572492,16.755160819145033,8.0,0.0,0.0,8.0,0.0,13.333333333333334,8.0,8.0,13.333333333333334,3.4033920413889422,1.3877787807814457e-17,0.0,3.4033920413889422,0.0,8.377580409572783,3.4033920413889422,3.4033920413889422,8.377580409572783,1.0,4.3477282732006564e-17,0.18181818181818174,9.93063489695473e-17,0.7727272727272727,1.6505425181840878e-16,0.39233355685527443,2.1613071009425526e-16,0.7291346903653779,0.0,0.0,0.0,0.9999999999999997,0.0,-0.1128403182605915,0.0,0.4159155250936578,0.0,-0.09906743021616932,0.0,0.28506602853464774,0.0,0.0,0.0
holey_slab_W6.0_D4.0_H1.5_n008,holey_slab,30.0,29.333333333333336,15.184364492350666,-4.188790204786934,0.0,0.0,22.5,-5.551115123125783e-17,1.1102230246251565e-16,22.0,8.743006318923108e-16,3.712308238590367e-16,11.388273369263075,2.3037127760972e-15,-1.6930901125533637e-14,-3.141592653589981,94.0,0.0,0.0,46.0,0.0,22.5,22.5,46.0,94.0,110.44444444444444,3.3306690738754696e-16,0.0,53.111111111111114,0.0,27.0,27.0,53.111111111111114,110.44444444444444,78.19075048934594,-2.220446049250313e-16,2.220446049250313e-16,37.35004599267865,-6.938893903907228e-18,17.671458676442583,17.671458676442583,37.35004599267863,78.19075048934594,16.7551608191431,-3.1086244689504383e-15,-6.661338147750939e-16,8.37758040957143,-2.5979218776228663e-14,-4.712388980385223,-4.712388980385223,8.37758040957143,16.7551608191431,8.0,0.0,0.0,8.0,0.0,13.333333333333332,8.0,8.0,13.333333333333332,3.403392041388942,1.5612511283791264e-17,0.0,3.4033920413889427,0.0,8.377580409572781,3.403392041388942,3.4033920413889427,8.377580409572781,0.9999999999999999,5.120498605793546e-17,0.18181818181818166,9.529569743514418e-17,0.7727272727272727,1.7666013637873366e-16,0.39233355685527443,2.2012839193628111e-16,0.7291346903653779,0.0,0.0,0.0,0.9999999999999996,0.0,-0.11284031826059145,0.0,0.4159155250936578,0.0,-0.09906743021616932,0.0,0.28506602853464774,0.0,0.0,0.0
holey_slab_W6.0_D4.0_H1.5_n016,holey_slab,30.0,29.33333333333333,15.184364492350666,-4.188790204788762,0.0,0.0,22.5,-8.326672684688674e-17,1.1362438767648086e-16,22.0,-6.453171330633722e-16,-7.45931094670027e-17,11.38827336926301,5.745404152435185e-15,-3.0142555118573e-14,-3.141592653590561,94.0,0.0,0.0,46.0,0.0,22.5,22.5,46.0,94.0,110.44444444444444,-1.3877787807814457e-17,-6.938893903907228e-17,53.11111111111111,0.0,27.0,26.999999999999993,53.111111111111086,110.44444444444444,78.19075048934594,-1.3877787807814457e-16,0.0,37.35004599267865,-3.885780586188048e-16,17.671458676442587,17.671458676442587,37.35004599267865,78.19075048934594,16.755160819134982,-4.6629367034256575e-15,2.220446049250313e-16,8.37758040956693,-5.284661597215745e-14,-4.712388980386969,-4.712388980386968,8.377580409566932,16.755160819134982,8.0,0.0,0.0,8.0,0.0,13.333333333333332,8.0,8.0,13.333333333333332,3.4033920413889422,-1.734723475976807e-18,-5.551115123125783e-17,3.4033920413889427,-1.1102230246251565e-16,8.377580409572781,3.4033920413889422,3.4033920413889436,8.377580409572783,0.9999999999999999,5.2568337053324757e-17,0.18181818181818166,9.688171109928209e-17,0.7727272727272727,1.750295196909699e-16,0.3923335568552744,2.2080075536091172e-16,0.7291346903653779,0.0,0.0,0.0,0.9999999999999996,0.0,-0.11284031826059145,0.0,0.4159155250936578,0.0,-0.09906743021616933,0.0,0.2850660285346478,0.0,0.0,0.0
holey_slab_W6.0_D4.0_H1.5_n032,holey_slab,30.0,29.333333333333332,15.184364492350666,-4.188790204796282,0.0,0.0,22.5,0.0,-1.6675029412827058e-16,22.0,1.870031907102998e-15,-6.826136877968736e-16,11.388273369263105,1.2850831510036187e-14,-5.98965321785272e-14,-3.1415926535929137,94.0,0.0,0.0,46.0,0.0,22.5,22.5,46.0,94.0,110.44444444444444,-6.938893903907228e-17,2.706168622523819e-16,53.111111111111114,0.0,27.0,27.0,53.1111111111111,110.44444444444444,78.19075048934594,5.516420653606247e-16,-4.440892098500626e-16,37.35004599267865,4.85722573273506e-16,17.671458676442583,17.671458676442583,37.350045992678666,78.19075048934594,16.755160819101686,-2.6645352591003757e-15,-5.551115123125783e-16,8.377580409548461,-1.0635936575909e-13,-4.712388980394129,-4.712388980394128,8.37758040954846,16.755160819101686,8.0,0.0,0.0,8.0,0.0,13.333333333333334,8.0,8.0,13.333333333333334,3.4033920413889422,-1.734723475976807e-18,0.0,3.4033920413889427,0.0,8.377580409572781,3.4033920413889422,3.4033920413889427,8.377580409572781,0.9999999999999999,5.31336131545643e-17,0.18181818181818166,9.81725781900057e-17,0.7727272727272727,1.7590212752369183e-16,0.3923335568552744,2.2196739676885365e-16,0.7291346903653781,0.0,0.0,0.0,0.9999999999999996,0.0,-0.11284031826059145,0.0,0.4159155250936578,0.0,-0.09906743021616933,0.0,0.2850660285346478,0.0,0.0,0.0
hollow_shell_Rout2.0_Rin1.0_sub3,hollow_shell,29.069185719486693,20.844154556651574,4.182129903630198,8.377580409572733,-1.3533011516964066e-15,-1.5766264704376864e-15,-1.9036421744500487e-15,2.0777650433512207e-15,-1.0320737320324014e-14,3.4169715668053158e-15,-1.1674688993323912e-15,-1.5707921074969988e-15,1.559407984685901e-15,7.971054372113429e-16,-1.3658778968972385e-15,-2.173716935616188e-15,25.59914013626141,3.885780586188048e-16,-1.0755285551056204e-16,25.599140136261415,1.1102230246251565e-16,25.599140136261415,25.59914013626141,25.599140136261415,25.599140136261415,23.487713788272433,2.7755575615628914e-17,9.71445146547012e-17,23.487713788272426,-7.28583859910259e-17,23.48771378827243,23.487713788272412,23.48771378827243,23.487713788272433,9.721404418869941,-2.0816681711721685e-17,-2.5153490401663703e-17,9.72140441886994,-6.938893903907228e-18,9.72140441886993,9.721404418869932,9.721404418869941,9.721404418869945,6.981317007988823,-7.28583859910259e-16,6.886852199627924e-16,6.981317007988826,1.5872719805187785e-15,6.981317007988823,6.981317007988821,6.981317007988824,6.981317007988827,6.948051518883858,-2.7755575615628914e-17,-2.7755575615628914e-17,6.948051518883858,-2.0816681711721685e-17,6.948051518883858,6.948051518883854,6.948051518883858,6.948051518883859,1.3940433012100684,4.163336342344337e-17,1.474514954580286e-17,1.3940433012100675,6.938893903907228e-18,1.3940433012100635,1.3940433012100635,1.394043301210067,1.3940433012100684,1.0,5.197507220164696e-17,2.912774908453357e-17,2.4548032534394187e-17,7.60674084447824e-13,2.6277326977252643e-17,0.0017892771573175422,1.6175502760072635e-17,1.1686964869763886e-11,0.0,0.0,0.0,0.9999999999999998,0.0,-1.7068184506128715e-17,0.0,-4.1236930672069116e-13,0.0,0.0009907198552026374,0.0,-4.535673420845064e-12,0.0,0.0,0.0
hollow_shell_Rout2.0_Rin1.0_sub4,hollow_shell,29.258172635792953,20.918923133455174,4.18712122641589,8.377580409572452,1.1158120868243193e-14,4.0207362280917074e-16,-3.48556090674218e-15,-1.0818711378146606e-14,9.678727003886722e-15,-1.5644901823694268e-15,1.4684976325229915e-14,-6.7764262083602755e-15,1.5265431063324342e-15,2.0285422647203788e-15,4.159595844849262e-15,-1.3642922512199784e-15,25.87704215438462,-8.743006318923108e-16,-3.434752482434078e-16,25.877042154384615,3.3306690738754696e-16,25.877042154384615,25.877042154384615,25.877042154384615,25.87704215438462,23.673952298738786,4.996003610813204e-16,4.5102810375396984e-17,23.67395229873879,1.0755285551056204e-16,23.673952298738786,23.673952298738786,23.673952298738786,23.67395229873879,9.7606804473591,-1.249000902703301e-16,1.734723475976807e-17,9.760680447359064,-5.204170427930421e-18,9.760680447359121,9.760680447359062,9.7606804473591,9.760680447359123,6.981317007964231,2.2273849431542203e-15,5.360295540768334e-16,6.981317007964256,-9.17668718791731e-16,6.981317007964231,6.981317007964231,6.981317007964231,6.9813170079642575,6.972974377818392,2.7755575615628914e-17,2.7755575615628914e-17,6.972974377818394,4.85722573273506e-17,6.972974377818394,6.972974377818391,6.972974377818392,6.972974377818394,1.3957070754719645,6.245004513516506e-17,2.6020852139652106e-18,1.3957070754719578,2.6020852139652106e-17,1.3957070754719674,1.3957070754719585,1.3957070754719645,1.3957070754719676,0.9999999999999999,2.830542197077952e-17,3.243396611068405e-17,1.6838320418023896e-17,1.0779095966618308e-12,1.3818076457571966e-17,0.0004352916299650435,1.2844824671493473e-17,1.3362839392947337e-11,0.0,0.0,0.0,0.9999999999999997,0.0,-1.95329072903102e-17,0.0,-5.843459667461959e-13,0.0,0.00024102026835038496,0.0,5.186074925085859e-12,0.0,0.0,0.0
hollow_shell_Rout2.0_Rin1.0_sub5,hollow_shell,29.305674644983824,20.93768911343909,4.188372715786247,8.37758040957185,-5.353627697407548e-15,5.253397468195779e-15,8.10906822647315e-15,-1.901907450974072e-14,-8.735701506785987e-15,1.8139684903901304e-15,-3.666229646259733e-15,2.671094682243913e-15,-1.0655589773164373e-15,-1.822733587328318e-15,4.2743044346982284e-15,-1.2632293621512788e-15,25.947096172365995,1.3877787807814457e-17,2.255140518769849e-16,25.947096172365995,4.475586568020162e-16,25.947096172365995,25.947096172365992,25.947096172365995,25.947096172366006,23.720825432566404,0.0,1.1796119636642288e-16,23.720825432566404,5.898059818321144e-17,23.720825432566404,23.720825432566404,23.720825432566404,23.720825432566404,9.770549611515253,-1.0408340855860843e-16,-4.0766001685454967e-17,9.770549611515241,1.734723475976807e-18,9.770549611515193,9.770549611515193,9.770549611515241,9.770549611515253,6.98131700797929,1.6445178552260131e-15,3.792972880223289e-15,6.981317007979432,5.587544316121296e-15,6.981317007979355,6.98131700797929,6.981317007979355,6.981317007979432,6.979229704479698,1.1102230246251565e-16,1.734723475976807e-17,6.979229704479698,6.938893903907228e-18,6.979229704479698,6.979229704479698,6.979229704479698,6.979229704479698,1.396124238595419,2.0816681711721685e-17,1.474514954580286e-17,1.396124238595419,0.0,1.396124238595411,1.396124238595411,1.396124238595419,1.396124238595419,0.9999999999999999,5.101321897886129e-17,2.3633128305221898e-17,2.96904711985909e-17,1.0615330398026846e-12,9.767512046286759e-18,0.00010808941845987718,8.901516310260558e-18,7.637928808642159e-12,0.0,0.0,0.0,0.9999999999999997,0.0,1.2072744401908474e-17,0.0,5.754680654675573e-13,0.0,5.9848935402522536e-05,0.0,2.9642555679532952e-12,0.0,0.0,0.0
hollow_shell_Rout2.0_Rin1.0_sub6,hollow_shell,29.31756616721882,20.942385237451987,4.188685817247798,8.377580409568532,1.6988872060443722e-15,1.076856898692915e-13,-1.812893899675723e-14,2.542454094478508e-16,-2.6153751609076306e-14,-1.4290961797397395e-14,2.202850125617231e-14,-2.113858133673263e-14,-7.012156959888805e-15,1.012738341538838e-14,-1.832038074847317e-14,2.160160152119559e-14,25.964646065434103,-8.881784197001252e-16,2.185751579730777e-16,25.964646065434106,1.1449174941446927e-16,25.964646065434106,25.964646065434103,25.964646065434106,25.96464606543412,23.732563413517326,2.7755575615628914e-17,1.8041124150158794e-16,23.732563413517326,1.7694179454963432e-16,23.732563413517326,23.732563413517326,23.732563413517326,23.732563413517333,9.773020051099458,-6.245004513516506e-17,1.5612511283791264e-17,9.773020051099557,4.163336342344337e-17,9.77302005109955,9.773020051099458,9.77302005109955,9.773020051099557,6.981317007970658,4.9057979900624105e-15,-3.4781205693334982e-15,6.981317007970605,-6.940628627383205e-15,6.98131700797072,6.981317007970605,6.981317007970658,6.981317007970722,6.980795079150662,2.7755575615628914e-16,3.469446951953614e-17,6.980795079150662,6.938893903907228e-18,6.980795079150662,6.980795079150662,6.980795079150662,6.980795079150662,1.39622860574924,1.3877787807814457e-17,-1.3010426069826053e-17,1.3962286057492714,-6.938893903907228e-18,1.3962286057492872,1.39622860574924,1.3962286057492719,1.3962286057492872,1.0,3.205241667458497e-17,1.002064159377481e-17,2.652592469102971e-17,1.01532657245179e-12,1.0476786583320597e-17,2.6976794136492986e-05,7.407303114879053e-18,1.7062789320642653e-12,0.0,0.0,0.0,0.9999999999999998,0.0,4.45558710984042e-18,0.0,-5.504190605288052e-13,0.0,1.493700708771442e-05,0.0,6.62201357432231e-13,0.0,0.0,0.0
hollow_shell_Rout2.0_Rin1.0_sub7,hollow_shell,29.320540050089974,20.943559558001205,4.188764106946767,8.377580409555794,-1.5217030923091873e-13,2.462534398935651e-15,-3.843651284973987e-16,-1.2107873331604433e-13,5.431294520033547e-14,-5.783257930440016e-14,1.8153644006872055e-15,-7.894935078682063e-14,-1.4862637409570446e-14,-3.284516620271835e-14,-6.096630599178917e-15,-1.655408936040382e-14,25.96903581667929,0.0,-2.185751579730777e-16,25.96903581667929,-3.2959746043559335e-16,25.969035816679288,25.96903581667928,25.96903581667929,25.96903581667929,23.735499141503272,4.440892098500626e-16,-1.0755285551056204e-16,23.735499141503272,0.0,23.735499141503276,23.735499141503272,23.735499141503272,23.735499141503276,9.773637858012066,-1.0408340855860843e-16,-6.765421556309548e-17,9.77363785801188,7.112366251504909e-17,9.773637858012258,9.77363785801188,9.773637858012066,9.773637858012258,6.981317007960913,9.08995101411847e-16,9.766493169749424e-16,6.9813170079609534,2.1527918336872176e-15,6.981317007960846,6.981317007960846,6.981317007960913,6.981317007960952,6.981186519333736,-2.7755575615628914e-17,-3.469446951953614e-17,6.981186519333734,5.204170427930421e-17,6.981186519333735,6.981186519333734,6.981186519333735,6.981186519333736,1.3962547023156082,4.85722573273506e-17,5.204170427930421e-18,1.396254702315546,0.0,1.3962547023156135,1.3962547023155454,1.3962547023156082,1.3962547023156133,1.0,3.165854820764956e-17,2.7835632098849596e-17,3.4099417439364313e-17,6.752286044068828e-13,1.0718927447412392e-17,6.74135486984706e-06,5.98979763788614e-18,2.2589015478242194e-12,0.0,0.0,0.0,0.9999999999999998,0.0,1.349133443975196e-17,0.0,-3.660484262794538e-13,0.0,3.7326772396383583e-06,0.0,-8.766724145198845e-13,0.0,0.0,0.0
